<http://dbpedia.org/resource/Kenneth_von_Heidecke>,<http://mpii.de/yago/resource/Kenneth_von_Heidecke>,<http://rdf.freebase.com/ns/guid.9202a8c04000641f8000000006b67ba5>,<http://rdf.freebase.com/ns/m.03cdzy5>,<http://rdf.freebase.com/ns/m/03cdzy5>,<http://wikidata.dbpedia.org/resource/Q6390868>,<http://wikidata.org/entity/Q6390868>,<http://www.wikidata.org/entity/Q6390868>,<http://www4.wiwiss.fu-berlin.de/flickrwrappr/photos/Kenneth_von_Heidecke>,<http://yago-knowledge.org/resource/Kenneth_von_Heidecke>
<http://dbpedia.org/resource/Stereoblis>,<http://musicbrainz.org/artist/b5f6ffb5-08ce-4f85-9ece-6ef2d13016c0#_>,<http://rdf.freebase.com/ns/guid.9202a8c04000641f8000000000b9c25b>,<http://rdf.freebase.com/ns/m.01qfzfd>,<http://rdf.freebase.com/ns/m/01qfzfd>,<http://wikidata.dbpedia.org/resource/Q16885867>,<http://wikidata.org/entity/Q16885867>,<http://www.bbc.co.uk/music/artists/b5f6ffb5-08ce-4f85-9ece-6ef2d13016c0#artist>,<http://www4.wiwiss.fu-berlin.de/flickrwrappr/photos/Stereoblis>,<http://yago-knowledge.org/resource/Stereoblis>
"<http://ca.dbpedia.org/resource/Was_Gott_tut,_das_ist_wohlgetan,_BWV_99>","<http://dbpedia.org/resource/Was_Gott_tut,_das_ist_wohlgetan,_BWV_99>","<http://de.dbpedia.org/resource/Was_Gott_tut,_das_ist_wohlgetan,_BWV_99>","<http://eo.dbpedia.org/resource/Was_Gott_tut,_das_ist_wohlgetan,_BWV_99>","<http://fr.dbpedia.org/resource/Was_Gott_tut,_das_ist_wohlgetan_(BWV_99)>","<http://nl.dbpedia.org/resource/Was_Gott_tut,_das_ist_wohlgetan_(BWV_99)>","<http://nn.dbpedia.org/resource/Was_Gott_tut,_das_ist_wohlgetan,_BWV_99>",<http://rdf.freebase.com/ns/m.0h65bnr>,<http://wikidata.dbpedia.org/resource/Q1327606>,<http://wikidata.org/entity/Q1327606>,<http://www.wikidata.org/entity/Q1327606>,<http://www.wikidata.org/entity/Q5079126>
<http://dbpedia.org/resource/WideStudio>,<http://dbpedia.org/resource/Widestudio>,<http://de.dbpedia.org/resource/WideStudio>,<http://ja.dbpedia.org/resource/WideStudio>,<http://mpii.de/yago/resource/WideStudio>,<http://rdf.freebase.com/ns/guid.9202a8c04000641f80000000047d2669>,<http://rdf.freebase.com/ns/m.027v9m9>,<http://rdf.freebase.com/ns/m/027v9m9>,<http://wikidata.dbpedia.org/resource/Q2567803>,<http://wikidata.org/entity/Q2567803>,<http://www.wikidata.org/entity/Q2567803>,<http://www4.wiwiss.fu-berlin.de/flickrwrappr/photos/WideStudio>,<http://yago-knowledge.org/resource/WideStudio>
<http://dbpedia.org/resource/Tom_Manley_(footballer)>,<http://mpii.de/yago/resource/Tom_Manley_%28footballer%29>,<http://mpii.de/yago/resource/Tom_Manley_(footballer)>,<http://rdf.freebase.com/ns/m.06vcfd>,"<http://ru.dbpedia.org/resource/%D0%9C%D1%8D%D0%BD%D0%BB%D0%B8,_%D0%A2%D0%BE%D0%BC>","<http://ru.dbpedia.org/resource/Мэнли,_Том>",<http://wikidata.dbpedia.org/resource/Q4309850>,<http://wikidata.org/entity/Q4309850>,<http://www.wikidata.org/entity/Q4309850>,<http://yago-knowledge.org/resource/Tom_Manley_(footballer)>
<http://dbpedia.org/resource/Downtown_Church>,<http://mpii.de/yago/resource/Downtown_Church>,<http://rdf.freebase.com/ns/guid.9202a8c04000641f8000000012ea545c>,<http://rdf.freebase.com/ns/m.09gnp2x>,<http://rdf.freebase.com/ns/m/09gnp2x>,<http://wikidata.dbpedia.org/resource/Q5303389>,<http://wikidata.org/entity/Q5303389>,<http://www.bbc.co.uk/music/artists/e0342e7a-32c4-4e43-8654-03609625958f#artist>,<http://www.wikidata.org/entity/Q5303389>,<http://www4.wiwiss.fu-berlin.de/flickrwrappr/photos/Downtown_Church>,<http://yago-knowledge.org/resource/Downtown_Church>
<http://dbpedia.org/resource/Hatzlacke>,<http://de.dbpedia.org/resource/Hatzlacke>,<http://mpii.de/yago/resource/Hatzlacke>,<http://nn.dbpedia.org/resource/Hatzlacke>,<http://rdf.freebase.com/ns/guid.9202a8c04000641f80000000055c3786>,<http://rdf.freebase.com/ns/m.02psfx6>,<http://rdf.freebase.com/ns/m/02psfx6>,<http://wikidata.dbpedia.org/resource/Q1484955>,<http://wikidata.org/entity/Q1484955>,<http://www.wikidata.org/entity/Q1484955>,<http://www4.wiwiss.fu-berlin.de/flickrwrappr/photos/Hatzlacke>,<http://yago-knowledge.org/resource/Hatzlacke>
<http://dbpedia.org/resource/Aaraattu>,<http://mpii.de/yago/resource/Aaraattu>,<http://rdf.freebase.com/ns/guid.9202a8c04000641f8000000000713415>,<http://rdf.freebase.com/ns/m.072f0p>,<http://rdf.freebase.com/ns/m/072f0p>,<http://wikidata.dbpedia.org/resource/Q4661658>,<http://wikidata.org/entity/Q4661658>,<http://www.wikidata.org/entity/Q4661658>,<http://www4.wiwiss.fu-berlin.de/flickrwrappr/photos/Aaraattu>,<http://yago-knowledge.org/resource/Aaraattu>
<http://dbpedia.org/resource/Nathan_H._Mannakee>,<http://dbpedia.org/resource/Nathan_Mannakee>,<http://rdf.freebase.com/ns/guid.9202a8c04000641f8000000012e7dcf6>,<http://rdf.freebase.com/ns/m.09ghr7q>,<http://rdf.freebase.com/ns/m/09ghr7q>,<http://wikidata.dbpedia.org/resource/Q6969221>,<http://wikidata.org/entity/Q6969221>,<http://www.wikidata.org/entity/Q6969221>,<http://www4.wiwiss.fu-berlin.de/flickrwrappr/photos/Nathan_Mannakee>,<http://yago-knowledge.org/resource/Nathan_Mannakee>
<http://dbpedia.org/resource/Swords_and_Deviltry>,<http://fr.dbpedia.org/resource/%C3%89p%C3%A9es_et_D%C3%A9mons>,<http://fr.dbpedia.org/resource/Épées_et_Démons>,<http://rdf.freebase.com/ns/guid.9202a8c04000641f8000000013a109cd>,<http://rdf.freebase.com/ns/m.09v22gf>,<http://rdf.freebase.com/ns/m/09v22gf>,<http://wikidata.dbpedia.org/resource/Q3589382>,<http://wikidata.org/entity/Q3589382>,<http://www.wikidata.org/entity/Q3589382>,<http://www4.wiwiss.fu-berlin.de/flickrwrappr/photos/Swords_and_Deviltry>
<http://dbpedia.org/resource/Maciek_Grzywacz>,<http://mpii.de/yago/resource/Maciek_Grzywacz>,<http://nl.dbpedia.org/resource/Maciek_Grzywacz>,<http://pl.dbpedia.org/resource/Maciej_Grzywacz>,<http://pl.dbpedia.org/resource/Maciek_Grzywacz>,<http://rdf.freebase.com/ns/guid.9202a8c04000641f80000000007131fe>,<http://rdf.freebase.com/ns/m.072dhz>,<http://rdf.freebase.com/ns/m/072dhz>,<http://www.wikidata.org/entity/Q2743051>,<http://www4.wiwiss.fu-berlin.de/flickrwrappr/photos/Maciek_Grzywacz>,<http://yago-knowledge.org/resource/Maciek_Grzywacz>
"<http://dbpedia.org/resource/Mount_Olivet,_Marshall_County,_West_Virginia>","<http://mpii.de/yago/resource/Mount_Olivet,_Marshall_County,_West_Virginia>",<http://rdf.freebase.com/ns/m.04c6cgk>,<http://rdf.freebase.com/ns/m.0b_zrzy>,<http://rdf.freebase.com/ns/m/0b_zrzy>,<http://wikidata.dbpedia.org/resource/Q6922554>,<http://wikidata.org/entity/Q6922554>,<http://www.wikidata.org/entity/Q6922554>,"<http://www4.wiwiss.fu-berlin.de/flickrwrappr/photos/Mount_Olivet,_Marshall_County,_West_Virginia>","<http://yago-knowledge.org/resource/Mount_Olivet,_Marshall_County,_West_Virginia>"
<http://dbpedia.org/resource/Intervale_Factory>,<http://mpii.de/yago/resource/Intervale_Factory>,<http://rdf.freebase.com/ns/guid.9202a8c04000641f8000000008ec33a2>,<http://rdf.freebase.com/ns/m.04gsdy2>,<http://rdf.freebase.com/ns/m/04gsdy2>,<http://wikidata.dbpedia.org/resource/Q6057311>,<http://wikidata.org/entity/Q6057311>,<http://www.wikidata.org/entity/Q6057311>,<http://www4.wiwiss.fu-berlin.de/flickrwrappr/photos/Intervale_Factory>,<http://yago-knowledge.org/resource/Intervale_Factory>
<http://dbpedia.org/resource/Yamdena_language>,<http://lexvo.org/id/iso639-3/jmd>,<http://pms.dbpedia.org/resource/Lenga_Yamdena>,<http://rdf.freebase.com/ns/m.02hxd6_>,<http://rdf.freebase.com/ns/m.0hht112>,<http://wikidata.dbpedia.org/resource/Q8048030>,<http://wikidata.org/entity/Q8048030>,<http://www.mpii.de/yago/resource/Yamdena_language>,<http://www.wikidata.org/entity/Q8048030>,<http://yago-knowledge.org/resource/Yamdena_language>
<http://ceb.dbpedia.org/resource/Turbo_canaliculatus>,<http://dbpedia.org/resource/Turbo_canaliculatus>,<http://nl.dbpedia.org/resource/Turbo_canaliculatus>,<http://rdf.freebase.com/ns/m.0gjdvxn>,<http://rdf.freebase.com/ns/m/0gjdvxn>,<http://sv.dbpedia.org/resource/Turbo_canaliculatus>,<http://war.dbpedia.org/resource/Turbo_canaliculatus>,<http://wikidata.dbpedia.org/resource/Q3167426>,<http://wikidata.org/entity/Q3167426>,<http://www.wikidata.org/entity/Q3167426>,<http://www4.wiwiss.fu-berlin.de/flickrwrappr/photos/Turbo_canaliculatus>
<http://data.linkedmdb.org/resource/actor/20148>,<http://dbpedia.org/resource/John_Junkin>,<http://de.dbpedia.org/resource/John_Junkin>,<http://mpii.de/yago/resource/John_Junkin>,<http://rdf.freebase.com/ns/guid.9202a8c04000641f800000000011dbaf>,<http://rdf.freebase.com/ns/m.013qyh>,<http://rdf.freebase.com/ns/m/013qyh>,<http://sv.dbpedia.org/resource/John_Junkin>,<http://wikidata.dbpedia.org/resource/Q1700664>,<http://wikidata.org/entity/Q1700664>,<http://www.wikidata.org/entity/Q1700664>,<http://www4.wiwiss.fu-berlin.de/flickrwrappr/photos/John_Junkin>,<http://yago-knowledge.org/resource/John_Junkin>
<http://dbpedia.org/resource/Kokkuvil>,<http://mpii.de/yago/resource/Kokkuvil>,<http://rdf.freebase.com/ns/guid.9202a8c04000641f8000000004797e94>,<http://rdf.freebase.com/ns/m.027l_nn>,<http://rdf.freebase.com/ns/m/027l_nn>,<http://sws.geonames.org/1239705/>,<http://ta.dbpedia.org/resource/%E0%AE%95%E0%AF%8A%E0%AE%95%E0%AF%8D%E0%AE%95%E0%AF%81%E0%AE%B5%E0%AE%BF%E0%AE%B2%E0%AF%8D>,<http://ta.dbpedia.org/resource/கொக்குவில்>,<http://wikidata.dbpedia.org/resource/Q6426689>,<http://wikidata.org/entity/Q6426689>,<http://www.wikidata.org/entity/Q6426689>,<http://www4.wiwiss.fu-berlin.de/flickrwrappr/photos/Kokkuvil>,<http://yago-knowledge.org/resource/Kokkuvil>
<http://cs.dbpedia.org/resource/Bank_of_America_Fifth_Avenue_Plaza>,<http://dbpedia.org/resource/Bank_of_America_Fifth_Avenue_Plaza>,<http://dbpedia.org/resource/Bank_of_america_fifth_avenue_plaza>,<http://nl.dbpedia.org/resource/Bank_of_America_Fifth_Avenue_Plaza>,<http://rdf.freebase.com/ns/guid.9202a8c04000641f8000000008398a92>,<http://rdf.freebase.com/ns/m.043m2nl>,<http://rdf.freebase.com/ns/m/043m2nl>,<http://wikidata.dbpedia.org/resource/Q4856034>,<http://wikidata.org/entity/Q4856034>,<http://www.wikidata.org/entity/Q4856034>,<http://www4.wiwiss.fu-berlin.de/flickrwrappr/photos/Bank_of_America_Fifth_Avenue_Plaza>,<http://yago-knowledge.org/resource/Bank_of_America_Fifth_Avenue_Plaza>
<http://dbpedia.org/resource/Sidney_Hinds>,<http://mpii.de/yago/resource/Sidney_Hinds>,<http://no.dbpedia.org/resource/Sidney_Hinds>,<http://rdf.freebase.com/ns/guid.9202a8c04000641f8000000007350e74>,<http://rdf.freebase.com/ns/m.03mb3mn>,<http://rdf.freebase.com/ns/m/03mb3mn>,<http://wikidata.dbpedia.org/resource/Q7509135>,<http://wikidata.org/entity/Q7509135>,<http://www.wikidata.org/entity/Q7509135>,<http://www4.wiwiss.fu-berlin.de/flickrwrappr/photos/Sidney_Hinds>,<http://yago-knowledge.org/resource/Sidney_Hinds>
"<http://dbpedia.org/resource/Boardman,_Wisconsin>",<http://rdf.freebase.com/ns/m.04c62_7>,<http://rdf.freebase.com/ns/m.0gfh8ct>,<http://rdf.freebase.com/ns/m/0gfh8ct>,<http://sws.geonames.org/5246335/>,<http://wikidata.dbpedia.org/resource/Q4931421>,<http://wikidata.org/entity/Q4931421>,<http://www.wikidata.org/entity/Q4931421>,"<http://www4.wiwiss.fu-berlin.de/flickrwrappr/photos/Boardman,_Wisconsin>","<http://yago-knowledge.org/resource/Boardman,_Wisconsin>"
<http://commons.dbpedia.org/resource/Category:Buildings_in_Ceuta>,<http://dbpedia.org/resource/Category:Buildings_and_structures_in_Ceuta>,<http://es.dbpedia.org/resource/Categor%C3%ADa:Arquitectura_de_Ceuta>,<http://es.dbpedia.org/resource/Categoría:Arquitectura_de_Ceuta>,<http://fa.dbpedia.org/resource/%D8%B1%D8%AF%D9%87:%D8%B3%D8%A7%D8%AE%D8%AA%D9%85%D8%A7%D9%86%E2%80%8C%D9%87%D8%A7_%D9%88_%D8%B3%D8%A7%D8%B2%D9%87%E2%80%8C%D9%87%D8%A7_%D8%AF%D8%B1_%D8%B3%D8%A8%D8%AA%D9%87>,<http://fa.dbpedia.org/resource/رده:ساختمان‌ها_و_سازه‌ها_در_سبته>,<http://gl.dbpedia.org/resource/Categoría:Arquitectura_en_Ceuta>,<http://wikidata.dbpedia.org/resource/Q6186604>,<http://wikidata.org/entity/Q6186604>,<http://www.wikidata.org/entity/Q6186604>
<http://dbpedia.org/resource/Bob_Fass>,<http://dbpedia.org/resource/Radio_UnNameable>,<http://mpii.de/yago/resource/Bob_Fass>,<http://rdf.freebase.com/ns/guid.9202a8c04000641f8000000000801ca8>,<http://rdf.freebase.com/ns/m.080758>,<http://rdf.freebase.com/ns/m/080758>,<http://wikidata.dbpedia.org/resource/Q4932402>,<http://wikidata.org/entity/Q4932402>,<http://www.wikidata.org/entity/Q4932402>,<http://www4.wiwiss.fu-berlin.de/flickrwrappr/photos/Bob_Fass>,<http://yago-knowledge.org/resource/Bob_Fass>,<http://yago-knowledge.org/resource/Radio_UnNameable>
<http://dbpedia.org/resource/Climate_Savers_Computing_Initiative>,<http://dbpedia.org/resource/Climate_savers_computing_initiative>,<http://fr.dbpedia.org/resource/Climate_Savers_Computing_Initiative>,<http://mpii.de/yago/resource/Climate_Savers_Computing_Initiative>,<http://rdf.freebase.com/ns/guid.9202a8c04000641f8000000005c06c8c>,<http://rdf.freebase.com/ns/m.02x0w4d>,<http://rdf.freebase.com/ns/m/02x0w4d>,<http://wikidata.dbpedia.org/resource/Q2979227>,<http://wikidata.org/entity/Q2979227>,<http://www.wikidata.org/entity/Q2979227>,<http://www4.wiwiss.fu-berlin.de/flickrwrappr/photos/Climate_Savers_Computing_Initiative>,<http://yago-knowledge.org/resource/Climate_Savers_Computing_Initiative>
<http://hub.culturegraph.org/about/BVB-BV003219150>,<http://hub.culturegraph.org/about/BVB-BV005040651>,<http://hub.culturegraph.org/about/BVB-BV005129612>,<http://hub.culturegraph.org/about/BVB-BV007715070>,<http://hub.culturegraph.org/about/BVB-BV008532344>,<http://lod.b3kat.de/isbn/0304295949>,<http://lod.b3kat.de/title/BV003219150>,<http://lod.b3kat.de/title/BV005040651>,<http://lod.b3kat.de/title/BV005129612>,<http://lod.b3kat.de/title/BV007715070>,<http://lod.b3kat.de/title/BV008532344>
<http://dbpedia.org/resource/1955%E2%80%9356_Northern_Rugby_Football_League_season>,<http://dbpedia.org/resource/1955-56_Northern_Rugby_Football_League_season>,<http://dbpedia.org/resource/1955–56_Northern_Rugby_Football_League_season>,<http://rdf.freebase.com/ns/guid.9202a8c04000641f800000000f833020>,<http://rdf.freebase.com/ns/m.07s6d10>,<http://rdf.freebase.com/ns/m/07s6d10>,<http://wikidata.dbpedia.org/resource/Q4568605>,<http://wikidata.org/entity/Q4568605>,<http://www.wikidata.org/entity/Q4568605>,<http://www4.wiwiss.fu-berlin.de/flickrwrappr/photos/1955%E2%80%9356_Northern_Rugby_Football_League_season>
<http://dbpedia.org/resource/Category:Aborted_(band)_albums>,<http://dbpedia.org/resource/Category:Aborted_albums>,<http://es.dbpedia.org/resource/Categor%C3%ADa:%C3%81lbumes_de_Aborted>,<http://es.dbpedia.org/resource/Categoría:Álbumes_de_Aborted>,<http://fi.dbpedia.org/resource/Luokka:Abortedin_albumit>,<http://fr.dbpedia.org/resource/Cat%C3%A9gorie:Album_d'Aborted>,<http://fr.dbpedia.org/resource/Catégorie:Album_d'Aborted>,<http://wikidata.dbpedia.org/resource/Q8218611>,<http://wikidata.org/entity/Q8218611>,<http://www.wikidata.org/entity/Q8218611>
<http://dbpedia.org/resource/Ash_Borer>,<http://dbpedia.org/resource/Ash_borer>,<http://dbpedia.org/resource/Lilac_Borer>,<http://dbpedia.org/resource/Podosesia_syringae>,<http://lod.geospecies.org/ses/OMuhi>,<http://mpii.de/yago/resource/Ash_Borer>,<http://nl.dbpedia.org/resource/Podosesia_syringae>,<http://rdf.freebase.com/ns/guid.9202a8c04000641f8000000000ad1cd7>,<http://rdf.freebase.com/ns/m.0bv76r>,<http://rdf.freebase.com/ns/m/0bv76r>,<http://wikidata.dbpedia.org/resource/Q2324040>,<http://wikidata.org/entity/Q2324040>,<http://www.wikidata.org/entity/Q2324040>,<http://www4.wiwiss.fu-berlin.de/flickrwrappr/photos/Ash_Borer>
<http://dbpedia.org/resource/Edwin_Romanzo_Elmer>,<http://dbpedia.org/resource/Mourning_Picture>,<http://he.dbpedia.org/resource/%D7%90%D7%93%D7%95%D7%95%D7%99%D7%9F_%D7%A8%D7%95%D7%9E%D7%A0%D7%96%D7%95_%D7%90%D7%9C%D7%9E%D7%A8>,<http://he.dbpedia.org/resource/אדווין_רומנזו_אלמר>,<http://mpii.de/yago/resource/Edwin_Romanzo_Elmer>,<http://rdf.freebase.com/ns/guid.9202a8c04000641f8000000000cab6e1>,<http://rdf.freebase.com/ns/m.0dpfr1>,<http://rdf.freebase.com/ns/m/0dpfr1>,<http://wikidata.dbpedia.org/resource/Q5346784>,<http://wikidata.org/entity/Q5346784>,<http://www.wikidata.org/entity/Q5346784>,<http://www4.wiwiss.fu-berlin.de/flickrwrappr/photos/Edwin_Romanzo_Elmer>,<http://yago-knowledge.org/resource/Edwin_Romanzo_Elmer>
<http://af.dbpedia.org/resource/Bittergousblom>,<http://commons.dbpedia.org/resource/Arctotis_fastuosa>,<http://dbpedia.org/resource/Venidium_fastuosum>,<http://de.dbpedia.org/resource/Pr%C3%A4chtiges_B%C3%A4renohr>,<http://de.dbpedia.org/resource/Prächtiges_Bärenohr>,<http://rdf.freebase.com/ns/m.0fpk4py>,<http://rdf.freebase.com/ns/m/0fpk4py>,<http://vi.dbpedia.org/resource/Arctotis_fastuosa>,<http://wikidata.dbpedia.org/resource/Q2114638>,<http://wikidata.org/entity/Q2114638>,<http://www.wikidata.org/entity/Q2114638>,<http://www4.wiwiss.fu-berlin.de/flickrwrappr/photos/Venidium_fastuosum>
<http://dbpedia.org/resource/Category:1907_Wimbledon_Championships>,<http://de.dbpedia.org/resource/Kategorie:Wimbledon_Championships_1907>,<http://es.dbpedia.org/resource/Categoría:Campeonato_de_Wimbledon_1907>,<http://it.dbpedia.org/resource/Categoria:Torneo_di_Wimbledon_1907>,<http://sl.dbpedia.org/resource/Kategorija:Prvenstvo_Anglije_1907>,<http://wikidata.dbpedia.org/resource/Q9197913>,<http://wikidata.org/entity/Q9197913>,<http://www.wikidata.org/entity/Q13236887>,<http://www.wikidata.org/entity/Q9197913>,<http://www.wikidata.org/entity/Q9302399>
<http://dbpedia.org/resource/Gerry_House_and_the_House_Foundation>,<http://dbpedia.org/resource/House_Foundation>,<http://mpii.de/yago/resource/House_Foundation>,<http://rdf.freebase.com/ns/guid.9202a8c04000641f800000000460696a>,<http://rdf.freebase.com/ns/m.0260vcb>,<http://rdf.freebase.com/ns/m/0260vcb>,<http://wikidata.dbpedia.org/resource/Q5913632>,<http://wikidata.org/entity/Q5913632>,<http://www.wikidata.org/entity/Q5913632>,<http://www4.wiwiss.fu-berlin.de/flickrwrappr/photos/House_Foundation>,<http://yago-knowledge.org/resource/House_Foundation>
<http://dbpedia.org/resource/Apuka>,<http://mpii.de/yago/resource/Apuka>,<http://rdf.freebase.com/ns/guid.9202a8c04000641f8000000008d0df38>,<http://rdf.freebase.com/ns/m.04f1rts>,<http://rdf.freebase.com/ns/m/04f1rts>,<http://wikidata.dbpedia.org/resource/Q4782293>,<http://wikidata.org/entity/Q4782293>,<http://www.wikidata.org/entity/Q4782293>,<http://www4.wiwiss.fu-berlin.de/flickrwrappr/photos/Apuka>,<http://yago-knowledge.org/resource/Apuka>,<http://zh.dbpedia.org/resource/%E9%98%BF%E6%99%AE%E5%8D%A1>,<http://zh.dbpedia.org/resource/阿普卡>
<http://ar.dbpedia.org/resource/%D8%A3%D9%84%D9%85_%D8%A7%D9%84%D8%B3%D8%B1%D8%B7%D8%A7%D9%86>,<http://ar.dbpedia.org/resource/ألم_السرطان>,<http://dbpedia.org/resource/Cancer_pain>,<http://es.dbpedia.org/resource/Dolor_oncológico>,<http://it.dbpedia.org/resource/Dolore_oncologico>,<http://ja.dbpedia.org/resource/%E7%99%8C%E6%80%A7%E7%96%BC%E7%97%9B>,<http://ja.dbpedia.org/resource/癌性疼痛>,<http://rdf.freebase.com/ns/m.0h3vj_3>,<http://sr.dbpedia.org/resource/Канцерски_пробијајући_бол>,<http://wikidata.dbpedia.org/resource/Q3712728>,<http://wikidata.org/entity/Q3712728>,<http://www.wikidata.org/entity/Q3712728>
<http://dbpedia.org/resource/Armenia_national_futsal_team>,<http://it.dbpedia.org/resource/Nazionale_di_calcio_a_5_dell'Armenia>,<http://rdf.freebase.com/ns/m.0gg7w64>,<http://rdf.freebase.com/ns/m/0gg7w64>,<http://sk.dbpedia.org/resource/Arm%C3%A9nske_n%C3%A1rodn%C3%A9_futsalov%C3%A9_dru%C5%BEstvo_mu%C5%BEov>,<http://sk.dbpedia.org/resource/Arménske_národné_futsalové_družstvo_mužov>,<http://wikidata.dbpedia.org/resource/Q2678994>,<http://wikidata.org/entity/Q2678994>,<http://www.wikidata.org/entity/Q2678994>,<http://www4.wiwiss.fu-berlin.de/flickrwrappr/photos/Armenia_national_futsal_team>,<http://yago-knowledge.org/resource/Armenia_national_futsal_team>
<http://dbpedia.org/resource/Liechtenstein_Ice_Hockey_Federation>,<http://de.dbpedia.org/resource/Liechtensteiner_Eishockey_und_Inline_Verband>,<http://pt.dbpedia.org/resource/Federa%C3%A7%C3%A3o_de_Liechtenstein_de_H%C3%B3quei_no_Gelo>,<http://pt.dbpedia.org/resource/Federação_de_Liechtenstein_de_Hóquei_no_Gelo>,<http://rdf.freebase.com/ns/m.0h1fvl8>,<http://sr.dbpedia.org/resource/Савез_хокеја_на_леду_Лихтенштајна>,<http://sv.dbpedia.org/resource/Liechtensteiner_Eishockey_und_Inline_Verband>,<http://wikidata.dbpedia.org/resource/Q1337938>,<http://wikidata.org/entity/Q1337938>,<http://www.wikidata.org/entity/Q1337938>
<http://dbpedia.org/resource/Ohuri_River>,<http://mpii.de/yago/resource/Ohuri_River>,<http://rdf.freebase.com/ns/guid.9202a8c04000641f800000000db25167>,<http://rdf.freebase.com/ns/m.06w4nc7>,<http://rdf.freebase.com/ns/m/06w4nc7>,<http://sws.geonames.org/6229367/>,<http://wikidata.dbpedia.org/resource/Q7081174>,<http://wikidata.org/entity/Q7081174>,<http://www.wikidata.org/entity/Q7081174>,<http://www4.wiwiss.fu-berlin.de/flickrwrappr/photos/Ohuri_River>,<http://yago-knowledge.org/resource/Ohuri_River>
"<http://dbpedia.org/resource/Cambridge_Historic_District_(Cambridge,_New_York)>",<http://dbpedia.org/resource/Cambridge_Historic_District_(New_York)>,<http://de.dbpedia.org/resource/Cambridge_Historic_District>,"<http://mpii.de/yago/resource/Cambridge_Historic_District_%28Cambridge,_New_York%29>",<http://rdf.freebase.com/ns/m.080c8yn>,<http://sws.geonames.org/7227134/>,<http://wikidata.dbpedia.org/resource/Q1028300>,<http://wikidata.org/entity/Q1028300>,<http://www.wikidata.org/entity/Q1028300>,"<http://yago-knowledge.org/resource/Cambridge_Historic_District_(Cambridge,_New_York)>"
<http://dbpedia.org/resource/Marie-Elena_John>,<http://dbpedia.org/resource/Marie_Elena_John>,<http://mpii.de/yago/resource/Marie-Elena_John>,<http://rdf.freebase.com/ns/guid.9202a8c04000641f80000000055d5e25>,<http://rdf.freebase.com/ns/m.02pvrk5>,<http://rdf.freebase.com/ns/m/02pvrk5>,<http://ro.dbpedia.org/resource/Marie-Elena_John>,<http://wikidata.dbpedia.org/resource/Q6762655>,<http://wikidata.org/entity/Q6762655>,<http://www.wikidata.org/entity/Q6762655>,<http://www4.wiwiss.fu-berlin.de/flickrwrappr/photos/Marie-Elena_John>,<http://yago-knowledge.org/resource/Marie-Elena_John>
<http://datos.bne.es/resource/XX1514993>,<http://dbpedia.org/resource/Richard_S._Newman>,<http://libris.kb.se/resource/auth/304899>,<http://mpii.de/yago/resource/Richard_S._Newman>,<http://rdf.freebase.com/ns/guid.9202a8c04000641f800000000b3c6bfb>,<http://rdf.freebase.com/ns/m.05msv_w>,<http://viaf.org/viaf/27220640>,<http://wikidata.dbpedia.org/resource/Q7328830>,<http://wikidata.org/entity/Q7328830>,<http://www.wikidata.org/entity/Q7328830>,<http://yago-knowledge.org/resource/Richard_S._Newman>
<http://dbpedia.org/resource/Catahoula_Lake>,<http://es.dbpedia.org/resource/Lago_Catahoula>,<http://mpii.de/yago/resource/Catahoula_Lake>,<http://rdf.freebase.com/ns/guid.9202a8c04000641f800000000ad1d9f4>,<http://rdf.freebase.com/ns/m.05f3qhn>,<http://sws.geonames.org/4319269/>,<http://wikidata.dbpedia.org/resource/Q5051203>,<http://wikidata.org/entity/Q5051203>,<http://www.wikidata.org/entity/Q5051203>,<http://yago-knowledge.org/resource/Catahoula_Lake>
"<http://dbpedia.org/resource/Sun_City_Township,_Barber_County,_Kansas>","<http://es.dbpedia.org/resource/Municipio_de_Sun_City_(condado_de_Barber,_Kansas)>","<http://mpii.de/yago/resource/Sun_City_Township,_Barber_County,_Kansas>",<http://rdf.freebase.com/ns/m.03np4xy>,<http://rdf.freebase.com/ns/m/03np4xy>,"<http://vi.dbpedia.org/resource/Sun_City,_Qu%E1%BA%ADn_Barber,_Kansas>","<http://vi.dbpedia.org/resource/Sun_City,_Quận_Barber,_Kansas>","<http://vi.dbpedia.org/resource/Xã_Sun_City,_Quận_Barber,_Kansas>",<http://wikidata.dbpedia.org/resource/Q5814570>,<http://wikidata.org/entity/Q5814570>,<http://www.wikidata.org/entity/Q5814570>,"<http://www4.wiwiss.fu-berlin.de/flickrwrappr/photos/Sun_City_Township,_Barber_County,_Kansas>","<http://yago-knowledge.org/resource/Sun_City_Township,_Barber_County,_Kansas>"
<http://dbpedia.org/resource/Jake_Siegel>,<http://fr.dbpedia.org/resource/Jake_Siegel>,<http://it.dbpedia.org/resource/Jake_Siegel>,<http://ja.dbpedia.org/resource/ジェイク・シーゲル>,<http://mpii.de/yago/resource/Jake_Siegel>,<http://pt.dbpedia.org/resource/Jake_Siegel>,<http://rdf.freebase.com/ns/guid.9202a8c04000641f80000000090785ec>,<http://rdf.freebase.com/ns/m.04jh1hd>,<http://rdf.freebase.com/ns/m/04jh1hd>,<http://wikidata.dbpedia.org/resource/Q2012219>,<http://wikidata.org/entity/Q2012219>,<http://www.wikidata.org/entity/Q2012219>,<http://www4.wiwiss.fu-berlin.de/flickrwrappr/photos/Jake_Siegel>,<http://yago-knowledge.org/resource/Jake_Siegel>
<http://ba.dbpedia.org/resource/%D0%98%D2%AB%D0%BA%D0%B5_%D2%A0%D0%BE%D2%99%D0%B0%D1%88>,<http://ba.dbpedia.org/resource/%D0%98%D2%AB%D0%BA%D3%A9_%D2%A0%D0%BE%D2%99%D0%B0%D1%88>,<http://ba.dbpedia.org/resource/Иҫке_Ҡоҙаш>,<http://ba.dbpedia.org/resource/Иҫкө_Ҡоҙаш>,<http://cv.dbpedia.org/resource/%D0%9A%D0%B8%D0%B2%C4%95_%D0%9A%D1%83%D0%B4%D0%B0%D1%88>,<http://cv.dbpedia.org/resource/Кивĕ_Кудаш>,"<http://hy.dbpedia.org/resource/Ստարոկուդաշևո_(գյուղ,_Յանաուլսկի_շրջան)>",<http://kk.dbpedia.org/resource/%D0%95%D1%81%D0%BA%D1%96_%D0%BA%D1%83%D0%B4%D0%B0%D1%88>,<http://kk.dbpedia.org/resource/Ескі_кудаш>,<http://ru.dbpedia.org/resource/%D0%A1%D1%82%D0%B0%D1%80%D0%BE%D0%BA%D1%83%D0%B4%D0%B0%D1%88%D0%B5%D0%B2%D0%BE>,<http://ru.dbpedia.org/resource/Старокудашево>,<http://tt.dbpedia.org/resource/%D0%98%D1%81%D0%BA%D0%B5_%D0%9A%D0%BE%D0%B4%D0%B0%D1%88_(%D0%AF%D2%A3%D0%B0%D0%B2%D1%8B%D0%BB_%D1%80%D0%B0%D0%B9%D0%BE%D0%BD%D1%8B)>,<http://tt.dbpedia.org/resource/Иске_Кодаш_(Яңавыл_районы)>,<http://www.wikidata.org/entity/Q4440447>
<http://dbpedia.org/resource/V%C3%A4rmbols_FC>,<http://dbpedia.org/resource/Värmbols_FC>,<http://pt.dbpedia.org/resource/V%C3%A4rmbols_FC>,<http://pt.dbpedia.org/resource/Värmbols_FC>,<http://rdf.freebase.com/ns/m.0ddb0bf>,<http://rdf.freebase.com/ns/m/0ddb0bf>,<http://sv.dbpedia.org/resource/V%C3%A4rmbols_FC>,<http://sv.dbpedia.org/resource/Värmbols_FC>,<http://wikidata.dbpedia.org/resource/Q9204273>,<http://wikidata.org/entity/Q9204273>,<http://www.wikidata.org/entity/Q9204273>,<http://www4.wiwiss.fu-berlin.de/flickrwrappr/photos/V%C3%A4rmbols_FC>,<http://yago-knowledge.org/resource/Värmbols_FC>
<http://dbpedia.org/resource/Neil_%22Norrie%22_Martin>,<http://dbpedia.org/resource/Norrie_Martin>,<http://es.dbpedia.org/resource/Norrie_Martin>,<http://mpii.de/yago/resource/Norrie_Martin>,<http://nl.dbpedia.org/resource/Norrie_Martin>,<http://rdf.freebase.com/ns/guid.9202a8c04000641f8000000006bcdbf6>,<http://rdf.freebase.com/ns/m.03ctq_q>,<http://rdf.freebase.com/ns/m/03ctq_q>,<http://wikidata.dbpedia.org/resource/Q7053261>,<http://wikidata.org/entity/Q7053261>,<http://www.wikidata.org/entity/Q7053261>,<http://www4.wiwiss.fu-berlin.de/flickrwrappr/photos/Norrie_Martin>,<http://yago-knowledge.org/resource/Norrie_Martin>
<http://be-x-old.dbpedia.org/resource/%D0%93%D1%80%D0%B0%D0%B4%D0%B0>,<http://be-x-old.dbpedia.org/resource/Града>,<http://be.dbpedia.org/resource/%D0%93%D1%80%D0%B0%D0%B4%D0%B0>,<http://be.dbpedia.org/resource/Града>,<http://hy.dbpedia.org/resource/Գրյադա>,<http://ru.dbpedia.org/resource/%D0%93%D1%80%D1%8F%D0%B4%D0%B0>,<http://ru.dbpedia.org/resource/Гряда>,<http://uk.dbpedia.org/resource/%D0%93%D1%80%D1%8F%D0%B4%D0%B0>,<http://uk.dbpedia.org/resource/Гряда>,<http://www.wikidata.org/entity/Q1169169>,<http://www.wikidata.org/entity/Q12098173>
<http://dbpedia.org/resource/Soboya>,<http://fr.dbpedia.org/resource/Soboya>,<http://mpii.de/yago/resource/Soboya>,<http://rdf.freebase.com/ns/guid.9202a8c04000641f8000000008be4f2c>,<http://rdf.freebase.com/ns/m.04cxmtd>,<http://rdf.freebase.com/ns/m/04cxmtd>,<http://wikidata.dbpedia.org/resource/Q7550159>,<http://wikidata.org/entity/Q7550159>,<http://www.wikidata.org/entity/Q7550159>,<http://www4.wiwiss.fu-berlin.de/flickrwrappr/photos/Soboya>,<http://yago-knowledge.org/resource/Soboya>
<http://hub.culturegraph.org/about/BVB-BV003312051>,<http://hub.culturegraph.org/about/BVB-BV005056246>,<http://hub.culturegraph.org/about/BVB-BV006234872>,<http://hub.culturegraph.org/about/BVB-BV007047264>,<http://hub.culturegraph.org/about/BVB-BV008464927>,<http://lod.b3kat.de/isbn/0460009850>,<http://lod.b3kat.de/title/BV002792295/vol/985>,<http://lod.b3kat.de/title/BV003312051>,<http://lod.b3kat.de/title/BV005056246>,<http://lod.b3kat.de/title/BV006234872>,<http://lod.b3kat.de/title/BV007047264>,<http://lod.b3kat.de/title/BV008464927>
<http://dbpedia.org/resource/Alfred_Salter>,<http://fr.dbpedia.org/resource/Alfred_Salter>,<http://mpii.de/yago/resource/Alfred_Salter>,<http://rdf.freebase.com/ns/guid.9202a8c04000641f80000000011c7a66>,<http://rdf.freebase.com/ns/m.0kszm6>,<http://rdf.freebase.com/ns/m/0kszm6>,<http://wikidata.dbpedia.org/resource/Q4723394>,<http://wikidata.org/entity/Q4723394>,<http://www.wikidata.org/entity/Q4723394>,<http://www4.wiwiss.fu-berlin.de/flickrwrappr/photos/Alfred_Salter>,<http://yago-knowledge.org/resource/Alfred_Salter>
<http://ca.dbpedia.org/resource/Categoria:Pel%C2%B7l%C3%ADcules_dels_Estats_Units_del_1967>,<http://ca.dbpedia.org/resource/Categoria:Pel·lícules_dels_Estats_Units_del_1967>,<http://fr.dbpedia.org/resource/Cat%C3%A9gorie:Film_am%C3%A9ricain_sorti_en_1967>,<http://fr.dbpedia.org/resource/Catégorie:Film_américain_sorti_en_1967>,<http://id.dbpedia.org/resource/Kategori:Film_Amerika_Serikat_tahun_1967>,<http://pl.dbpedia.org/resource/Kategoria:Ameryka%C5%84skie_filmy_z_1967_roku>,<http://pl.dbpedia.org/resource/Kategoria:Amerykańskie_filmy_z_1967_roku>,<http://pt.dbpedia.org/resource/Categoria:Filmes_dos_Estados_Unidos_de_1967>,<http://www.wikidata.org/entity/Q10181059>,<http://www.wikidata.org/entity/Q9410667>
<http://dbpedia.org/resource/Tulips_Shall_Grow>,<http://de.dbpedia.org/resource/Tulips_Shall_Grow>,<http://fr.dbpedia.org/resource/Tulips_Shall_Grow>,<http://mpii.de/yago/resource/Tulips_Shall_Grow>,<http://nl.dbpedia.org/resource/Tulips_Shall_Grow>,<http://rdf.freebase.com/ns/guid.9202a8c04000641f80000000000892f8>,<http://rdf.freebase.com/ns/m.0k4rs>,<http://rdf.freebase.com/ns/m/0k4rs>,<http://wikidata.dbpedia.org/resource/Q691048>,<http://wikidata.org/entity/Q691048>,<http://www.wikidata.org/entity/Q691048>,<http://www4.wiwiss.fu-berlin.de/flickrwrappr/photos/Tulips_Shall_Grow>,<http://yago-knowledge.org/resource/Tulips_Shall_Grow>
<http://dbpedia.org/resource/Gary_Burbank>,<http://mpii.de/yago/resource/Gary_Burbank>,<http://rdf.freebase.com/ns/guid.9202a8c04000641f80000000047f0e6f>,<http://rdf.freebase.com/ns/m.027z3mh>,<http://rdf.freebase.com/ns/m/027z3mh>,<http://wikidata.dbpedia.org/resource/Q5524783>,<http://wikidata.org/entity/Q5524783>,<http://www.wikidata.org/entity/Q5524783>,<http://www4.wiwiss.fu-berlin.de/flickrwrappr/photos/Gary_Burbank>,<http://yago-knowledge.org/resource/Gary_Burbank>
<http://dbpedia.org/resource/Dual-Slope_ADC>,<http://dbpedia.org/resource/Dual-slope>,<http://dbpedia.org/resource/Integrating_ADC>,<http://dbpedia.org/resource/Multislope>,<http://dbpedia.org/resource/Multislope_ADC>,<http://mpii.de/yago/resource/Integrating_ADC>,<http://rdf.freebase.com/ns/guid.9202a8c04000641f800000000b644ca6>,<http://rdf.freebase.com/ns/m.05q8m56>,<http://rdf.freebase.com/ns/m/05q8m56>,<http://wikidata.dbpedia.org/resource/Q6043185>,<http://wikidata.org/entity/Q6043185>,<http://www.wikidata.org/entity/Q6043185>,<http://www4.wiwiss.fu-berlin.de/flickrwrappr/photos/Integrating_ADC>,<http://yago-knowledge.org/resource/Integrating_ADC>
<http://dbpedia.org/resource/Mark_D._Wallace>,<http://dbpedia.org/resource/Mark_Wallace>,<http://dbpedia.org/resource/Mark_Wallace_%28cricketer%29>,<http://dbpedia.org/resource/Mark_Wallace_(politician)>,<http://mpii.de/yago/resource/Mark_Wallace>,<http://rdf.freebase.com/ns/guid.9202a8c04000641f80000000006b3d1d>,<http://rdf.freebase.com/ns/m.04ydrrz>,<http://rdf.freebase.com/ns/m/04ydrrz>,<http://wikidata.dbpedia.org/resource/Q6770199>,<http://wikidata.org/entity/Q6770199>,<http://www.wikidata.org/entity/Q6770199>,<http://www4.wiwiss.fu-berlin.de/flickrwrappr/photos/Mark_Wallace>,<http://yago-knowledge.org/resource/Mark_Wallace>
<http://dbpedia.org/resource/Bookeen>,<http://de.dbpedia.org/resource/Bookeen>,<http://es.dbpedia.org/resource/Bookeen>,<http://fr.dbpedia.org/resource/Bookeen>,<http://mpii.de/yago/resource/Bookeen>,<http://rdf.freebase.com/ns/guid.9202a8c04000641f800000000decdeba>,<http://rdf.freebase.com/ns/m.06ztrpv>,<http://rdf.freebase.com/ns/m/06ztrpv>,<http://ru.dbpedia.org/resource/Bookeen>,<http://wikidata.dbpedia.org/resource/Q892991>,<http://wikidata.org/entity/Q892991>,<http://www.wikidata.org/entity/Q892991>,<http://www4.wiwiss.fu-berlin.de/flickrwrappr/photos/Bookeen>,<http://yago-knowledge.org/resource/Bookeen>
<http://ca.dbpedia.org/resource/Always_Goodbye>,<http://dbpedia.org/resource/Always_Goodbye>,<http://fr.dbpedia.org/resource/Adieu_pour_toujours>,<http://rdf.freebase.com/ns/m.0b70yxd>,<http://rdf.freebase.com/ns/m.0hhsgnq>,<http://uk.dbpedia.org/resource/Прощай_назавжди>,<http://wikidata.dbpedia.org/resource/Q2824436>,<http://wikidata.org/entity/Q2824436>,<http://www.wikidata.org/entity/Q2824436>,<http://www.wikidata.org/entity/Q4738413>,<http://yago-knowledge.org/resource/Always_Goodbye>
<http://da.dbpedia.org/resource/September_Tapes>,<http://dbpedia.org/resource/September_Tapes>,<http://mpii.de/yago/resource/September_Tapes>,<http://rdf.freebase.com/ns/guid.9202a8c04000641f8000000000554d99>,<http://rdf.freebase.com/ns/m.04j272k>,<http://rdf.freebase.com/ns/m/04j272k>,<http://wikidata.dbpedia.org/resource/Q7452238>,<http://wikidata.org/entity/Q7452238>,<http://www.wikidata.org/entity/Q7452238>,<http://www4.wiwiss.fu-berlin.de/flickrwrappr/photos/September_Tapes>,<http://yago-knowledge.org/resource/September_Tapes>
<http://dbpedia.org/resource/Neriamangalam>,<http://ml.dbpedia.org/resource/%E0%B4%A8%E0%B5%87%E0%B4%B0%E0%B5%8D%E0%B4%AF%E0%B4%AE%E0%B4%82%E0%B4%97%E0%B4%B2%E0%B4%82>,<http://ml.dbpedia.org/resource/നേര്യമംഗലം>,<http://mpii.de/yago/resource/Neriamangalam>,<http://rdf.freebase.com/ns/guid.9202a8c04000641f800000000a1f98d4>,<http://rdf.freebase.com/ns/m.051_66n>,<http://rdf.freebase.com/ns/m/051_66n>,<http://sws.geonames.org/1261505/>,<http://wikidata.dbpedia.org/resource/Q6996195>,<http://wikidata.org/entity/Q6996195>,<http://www.wikidata.org/entity/Q6996195>,<http://www4.wiwiss.fu-berlin.de/flickrwrappr/photos/Neriamangalam>,<http://yago-knowledge.org/resource/Neriamangalam>
<http://dbpedia.org/resource/Vapor_Density>,<http://dbpedia.org/resource/Vapor_density>,<http://dbpedia.org/resource/Vapour_density>,<http://fr.dbpedia.org/resource/Densit%C3%A9_de_vapeur>,<http://fr.dbpedia.org/resource/Densité_de_vapeur>,<http://nn.dbpedia.org/resource/Damptettleik>,<http://rdf.freebase.com/ns/guid.9202a8c04000641f80000000005d945a>,<http://rdf.freebase.com/ns/m.05w52v>,<http://rdf.freebase.com/ns/m/05w52v>,<http://wikidata.dbpedia.org/resource/Q3023279>,<http://wikidata.org/entity/Q3023279>,<http://www.wikidata.org/entity/Q3023279>,<http://www4.wiwiss.fu-berlin.de/flickrwrappr/photos/Vapour_density>
<http://dbpedia.org/resource/The_Twin_Atlas>,<http://mpii.de/yago/resource/The_Twin_Atlas>,<http://musicbrainz.org/artist/8e7ad5f1-5e98-4eb2-8806-f5ceb522b028#_>,<http://rdf.freebase.com/ns/guid.9202a8c04000641f80000000009f0a57>,<http://rdf.freebase.com/ns/m.09z2lr>,<http://wikidata.dbpedia.org/resource/Q17037982>,<http://wikidata.org/entity/Q17037982>,<http://www.bbc.co.uk/music/artists/8e7ad5f1-5e98-4eb2-8806-f5ceb522b028#artist>,<http://yago-knowledge.org/resource/The_Twin_Atlas>,<http://zitgist.com/music/artist/8e7ad5f1-5e98-4eb2-8806-f5ceb522b028>
<http://dbpedia.org/resource/Sitka_Center_for_Art_%26_Ecology>,<http://dbpedia.org/resource/Sitka_Center_for_Art_&_Ecology>,<http://dbpedia.org/resource/Sitka_Center_for_Art_and_Ecology>,<http://rdf.freebase.com/ns/guid.9202a8c04000641f80000000074b20a0>,<http://rdf.freebase.com/ns/m.03nq850>,<http://rdf.freebase.com/ns/m/03nq850>,<http://wikidata.dbpedia.org/resource/Q7531922>,<http://wikidata.org/entity/Q7531922>,<http://www.wikidata.org/entity/Q7531922>,<http://www4.wiwiss.fu-berlin.de/flickrwrappr/photos/Sitka_Center_for_Art_and_Ecology>
<http://dbpedia.org/resource/Schutzhaftlagerf%C3%BChrer>,<http://dbpedia.org/resource/Schutzhaftlagerführer>,<http://de.dbpedia.org/resource/Schutzhaftlagerf%C3%BChrung>,<http://de.dbpedia.org/resource/Schutzhaftlagerführung>,<http://fr.dbpedia.org/resource/Schutzhaftlagerführer>,<http://nl.dbpedia.org/resource/Schutzhaftlagerführer>,<http://pl.dbpedia.org/resource/Schutzhaftlagerf%C3%BChrer>,<http://pl.dbpedia.org/resource/Schutzhaftlagerführer>,<http://rdf.freebase.com/ns/m.0vptvjd>,<http://wikidata.dbpedia.org/resource/Q1438524>,<http://wikidata.org/entity/Q1438524>,<http://www.wikidata.org/entity/Q1438524>
<http://dbpedia.org/resource/System_Reference_Document>,<http://de.dbpedia.org/resource/System_Reference_Document>,<http://fr.dbpedia.org/resource/Document_de_r%C3%A9f%C3%A9rence_du_syst%C3%A8me>,<http://fr.dbpedia.org/resource/Document_de_référence_du_système>,<http://it.dbpedia.org/resource/System_Reference_Document>,<http://pt.dbpedia.org/resource/System_Reference_Document>,<http://rdf.freebase.com/ns/guid.9202a8c04000641f80000000004ed63e>,<http://rdf.freebase.com/ns/m.04ypkz>,<http://rdf.freebase.com/ns/m/04ypkz>,<http://wikidata.dbpedia.org/resource/Q1091693>,<http://wikidata.org/entity/Q1091693>,<http://www.wikidata.org/entity/Q1091693>,<http://www4.wiwiss.fu-berlin.de/flickrwrappr/photos/System_Reference_Document>
<http://dbpedia.org/resource/Claud_Thomas_Bourchier>,<http://dbpedia.org/resource/Claude_Bourchier>,<http://dbpedia.org/resource/Claude_Thomas_Bourchier>,<http://mpii.de/yago/resource/Claude_Thomas_Bourchier>,<http://rdf.freebase.com/ns/guid.9202a8c04000641f800000000046b632>,<http://rdf.freebase.com/ns/m.04ffkl>,<http://rdf.freebase.com/ns/m/04ffkl>,<http://wikidata.dbpedia.org/resource/Q5128649>,<http://wikidata.org/entity/Q5128649>,<http://www.wikidata.org/entity/Q5128649>,<http://www4.wiwiss.fu-berlin.de/flickrwrappr/photos/Claud_Thomas_Bourchier>,<http://yago-knowledge.org/resource/Claud_Thomas_Bourchier>
<http://dbpedia.org/resource/Category:Political_parties_disestablished_in_1998>,<http://es.dbpedia.org/resource/Categoría:Partidos_políticos_disueltos_en_1998>,<http://fr.dbpedia.org/resource/Cat%C3%A9gorie:Parti_politique_disparu_en_1998>,<http://fr.dbpedia.org/resource/Catégorie:Parti_politique_disparu_en_1998>,<http://no.dbpedia.org/resource/Kategori:Politiske_partier_nedlagt_i_1998>,<http://sv.dbpedia.org/resource/Kategori:Politiska_partier_uppl%C3%B6sta_1998>,<http://sv.dbpedia.org/resource/Kategori:Politiska_partier_upplösta_1998>,<http://tr.dbpedia.org/resource/Kategori:1998'de_kapat%C4%B1lan_siyasi_partiler>,<http://tr.dbpedia.org/resource/Kategori:1998'de_kapatılan_siyasi_partiler>,<http://wikidata.dbpedia.org/resource/Q10005505>,<http://wikidata.org/entity/Q10005505>,<http://www.wikidata.org/entity/Q10005505>
<http://dbpedia.org/resource/Charlie_Owen>,<http://mpii.de/yago/resource/Charlie_Owen>,<http://rdf.freebase.com/ns/guid.9202a8c04000641f80000000008710a5>,<http://rdf.freebase.com/ns/m.08g455>,<http://rdf.freebase.com/ns/m/08g455>,<http://wikidata.dbpedia.org/resource/Q5085332>,<http://wikidata.org/entity/Q5085332>,<http://www.wikidata.org/entity/Q5085332>,<http://www4.wiwiss.fu-berlin.de/flickrwrappr/photos/Charlie_Owen>,<http://yago-knowledge.org/resource/Charlie_Owen>
<http://dbpedia.org/resource/Tony_Fossas>,<http://mpii.de/yago/resource/Tony_Fossas>,<http://rdf.freebase.com/ns/guid.9202a8c04000641f800000000081e5dc>,<http://rdf.freebase.com/ns/m.083tgx>,<http://rdf.freebase.com/ns/m/083tgx>,<http://wikidata.dbpedia.org/resource/Q7822368>,<http://wikidata.org/entity/Q7822368>,<http://www.wikidata.org/entity/Q7822368>,<http://www4.wiwiss.fu-berlin.de/flickrwrappr/photos/Tony_Fossas>,<http://yago-knowledge.org/resource/Tony_Fossas>
<http://dbpedia.org/resource/Netherlands_Institute_for_Advanced_Study>,<http://dbpedia.org/resource/Netherlands_Institute_of_Advanced_Study>,<http://nl.dbpedia.org/resource/Netherlands_Institute_for_Advanced_Study>,<http://rdf.freebase.com/ns/guid.9202a8c04000641f80000000087c4047>,<http://rdf.freebase.com/ns/m.047sj27>,<http://rdf.freebase.com/ns/m/047sj27>,<http://wikidata.dbpedia.org/resource/Q2348381>,<http://wikidata.org/entity/Q2348381>,<http://www.wikidata.org/entity/Q2348381>,<http://www4.wiwiss.fu-berlin.de/flickrwrappr/photos/Netherlands_Institute_for_Advanced_Study>,<http://yago-knowledge.org/resource/Netherlands_Institute_for_Advanced_Study>
"<http://dbpedia.org/resource/Mexican_Water,_Arizona>",<http://rdf.freebase.com/ns/m.04884jy>,<http://rdf.freebase.com/ns/m.0gvsdgs>,<http://rdf.freebase.com/ns/m/0gvsdgs>,<http://sws.geonames.org/5304632/>,<http://wikidata.dbpedia.org/resource/Q6826000>,<http://wikidata.org/entity/Q6826000>,<http://www.wikidata.org/entity/Q6826000>,"<http://www4.wiwiss.fu-berlin.de/flickrwrappr/photos/Mexican_Water,_Arizona>","<http://yago-knowledge.org/resource/Mexican_Water,_Arizona>"
<http://dbpedia.org/resource/Harlequin_Games>,<http://mpii.de/yago/resource/Harlequin_Games>,<http://rdf.freebase.com/ns/guid.9202a8c04000641f80000000087bfb3c>,<http://rdf.freebase.com/ns/m.047rztx>,<http://rdf.freebase.com/ns/m/047rztx>,<http://wikidata.dbpedia.org/resource/Q5658652>,<http://wikidata.org/entity/Q5658652>,<http://www.wikidata.org/entity/Q5658652>,<http://www4.wiwiss.fu-berlin.de/flickrwrappr/photos/Harlequin_Games>,<http://yago-knowledge.org/resource/Harlequin_Games>
<http://dbpedia.org/resource/George_B._Cronshaw>,<http://dbpedia.org/resource/George_Bernard_Cronshaw>,<http://mpii.de/yago/resource/George_Bernard_Cronshaw>,<http://rdf.freebase.com/ns/guid.9202a8c04000641f8000000009429307>,<http://rdf.freebase.com/ns/m.04n54s7>,<http://rdf.freebase.com/ns/m/04n54s7>,<http://wikidata.dbpedia.org/resource/Q5536934>,<http://wikidata.org/entity/Q5536934>,<http://www.wikidata.org/entity/Q5536934>,<http://www4.wiwiss.fu-berlin.de/flickrwrappr/photos/George_Bernard_Cronshaw>,<http://yago-knowledge.org/resource/George_Bernard_Cronshaw>
<http://dbpedia.org/resource/1986%E2%80%9387_FC_Dinamo_Bucure%C5%9Fti_season>,<http://dbpedia.org/resource/1986%E2%80%9387_FC_Dinamo_Bucure%C8%99ti_season>,<http://dbpedia.org/resource/1986–87_FC_Dinamo_Bucureşti_season>,<http://dbpedia.org/resource/1986–87_FC_Dinamo_București_season>,<http://rdf.freebase.com/ns/m.0dgpm7_>,<http://rdf.freebase.com/ns/m/0dgpm7_>,<http://ro.dbpedia.org/resource/FC_Dinamo_Bucure%C8%99ti_%C3%AEn_sezonul_1986-1987>,<http://ro.dbpedia.org/resource/FC_Dinamo_București_în_sezonul_1986-1987>,<http://wikidata.dbpedia.org/resource/Q4583417>,<http://wikidata.org/entity/Q4583417>,<http://www.wikidata.org/entity/Q4583417>,<http://www4.wiwiss.fu-berlin.de/flickrwrappr/photos/1986%E2%80%9387_FC_Dinamo_Bucure%C5%9Fti_season>
<http://dbpedia.org/resource/Hole_railway_station>,<http://mpii.de/yago/resource/Hole_railway_station>,<http://rdf.freebase.com/ns/guid.9202a8c04000641f8000000006bfd0d6>,<http://rdf.freebase.com/ns/m.03c_n6q>,<http://rdf.freebase.com/ns/m/03c_n6q>,<http://wikidata.dbpedia.org/resource/Q5880064>,<http://wikidata.org/entity/Q5880064>,<http://www.wikidata.org/entity/Q5880064>,<http://www4.wiwiss.fu-berlin.de/flickrwrappr/photos/Hole_railway_station>,<http://yago-knowledge.org/resource/Hole_railway_station>
<http://commons.dbpedia.org/resource/Category:Meindert_Leerling>,<http://dbpedia.org/resource/Meindert_Leerling>,<http://mpii.de/yago/resource/Meindert_Leerling>,<http://nl.dbpedia.org/resource/Meindert_Leerling>,<http://rdf.freebase.com/ns/guid.9202a8c04000641f800000000de89763>,<http://rdf.freebase.com/ns/m.06zk5w3>,<http://rdf.freebase.com/ns/m/06zk5w3>,<http://wikidata.dbpedia.org/resource/Q4770316>,<http://wikidata.org/entity/Q4770316>,<http://www.wikidata.org/entity/Q4770316>,<http://www4.wiwiss.fu-berlin.de/flickrwrappr/photos/Meindert_Leerling>,<http://yago-knowledge.org/resource/Meindert_Leerling>
<http://dbpedia.org/resource/NACADA>,<http://dbpedia.org/resource/Nacada>,<http://dbpedia.org/resource/National_Academic_Advising_Association>,<http://mpii.de/yago/resource/National_Academic_Advising_Association>,<http://rdf.freebase.com/ns/guid.9202a8c04000641f8000000007d64f4b>,<http://rdf.freebase.com/ns/m.03ydmvc>,<http://wikidata.dbpedia.org/resource/Q6970098>,<http://wikidata.org/entity/Q6970098>,<http://www.wikidata.org/entity/Q6970098>,<http://yago-knowledge.org/resource/National_Academic_Advising_Association>
"<http://dbpedia.org/resource/Cedar_View,_Virginia>","<http://mpii.de/yago/resource/Cedar_View,_Virginia>",<http://rdf.freebase.com/ns/m.04c1wx7>,<http://rdf.freebase.com/ns/m.04dzfxc>,<http://rdf.freebase.com/ns/m/04dzfxc>,<http://sws.geonames.org/4751659/>,<http://wikidata.dbpedia.org/resource/Q5056939>,<http://wikidata.org/entity/Q5056939>,<http://www.wikidata.org/entity/Q5056939>,"<http://www4.wiwiss.fu-berlin.de/flickrwrappr/photos/Cedar_View,_Virginia>","<http://yago-knowledge.org/resource/Cedar_View,_Virginia>"
<http://hub.culturegraph.org/about/BVB-BV006044076>,<http://hub.culturegraph.org/about/BVB-BV007787978>,<http://hub.culturegraph.org/about/BVB-BV007787985>,<http://hub.culturegraph.org/about/BVB-BV008498644>,<http://lod.b3kat.de/title/BV000000123/vol/15>,<http://lod.b3kat.de/title/BV004221237/vol/5>,<http://lod.b3kat.de/title/BV006044076>,<http://lod.b3kat.de/title/BV007787972/vol/5>,<http://lod.b3kat.de/title/BV007787978>,<http://lod.b3kat.de/title/BV007787980/vol/5>,<http://lod.b3kat.de/title/BV007787985>,<http://lod.b3kat.de/title/BV008498644>
<http://dbpedia.org/resource/Hidarnes_II>,<http://hy.dbpedia.org/resource/%D5%80%D5%AB%D5%A4%D5%A1%D6%80%D5%B6%D5%A5%D5%BD_%D4%B2>,<http://hy.dbpedia.org/resource/Հիդարնես_Բ>,<http://mpii.de/yago/resource/Hidarnes_II>,<http://pt.dbpedia.org/resource/Hidarnes_II_Or%C3%B4ntida>,<http://pt.dbpedia.org/resource/Hidarnes_II_Orôntida>,<http://rdf.freebase.com/ns/guid.9202a8c04000641f8000000012e74d68>,<http://rdf.freebase.com/ns/m.09ggmc8>,<http://rdf.freebase.com/ns/m/09ggmc8>,<http://wikidata.dbpedia.org/resource/Q9296018>,<http://wikidata.org/entity/Q9296018>,<http://www.wikidata.org/entity/Q9296018>,<http://www4.wiwiss.fu-berlin.de/flickrwrappr/photos/Hidarnes_II>,<http://yago-knowledge.org/resource/Hidarnes_II>
<http://dbpedia.org/resource/Fedko_Fone_Zone>,<http://dbpedia.org/resource/John_Fedko>,<http://mpii.de/yago/resource/John_Fedko>,<http://rdf.freebase.com/ns/guid.9202a8c04000641f80000000047b82fb>,<http://rdf.freebase.com/ns/m.027r0rw>,<http://rdf.freebase.com/ns/m/027r0rw>,<http://wikidata.dbpedia.org/resource/Q6232849>,<http://wikidata.org/entity/Q6232849>,<http://www.wikidata.org/entity/Q6232849>,<http://www4.wiwiss.fu-berlin.de/flickrwrappr/photos/John_Fedko>,<http://yago-knowledge.org/resource/John_Fedko>
"<http://dbpedia.org/resource/Blairmore_Suburban_Centre,_Saskatoon,_Saskatchewan>","<http://dbpedia.org/resource/Blairmore_Suburban_Centre,_Saskatoon>","<http://mpii.de/yago/resource/Blairmore_Suburban_Centre,_Saskatoon,_Saskatchewan>",<http://rdf.freebase.com/ns/m.02px5km>,<http://rdf.freebase.com/ns/m/02px5km>,<http://wikidata.dbpedia.org/resource/Q4924223>,<http://wikidata.org/entity/Q4924223>,<http://www.wikidata.org/entity/Q4924223>,"<http://www4.wiwiss.fu-berlin.de/flickrwrappr/photos/Blairmore_Suburban_Centre,_Saskatoon>","<http://yago-knowledge.org/resource/Blairmore_Suburban_Centre,_Saskatoon>"
<http://dbpedia.org/resource/Black_Belt_(film)>,<http://de.dbpedia.org/resource/Black_Belt_(2007)>,<http://fi.dbpedia.org/resource/Black_Belt>,<http://it.dbpedia.org/resource/Kuro-obi>,<http://ja.dbpedia.org/resource/%E9%BB%92%E5%B8%AF_KURO-OBI>,<http://ja.dbpedia.org/resource/黒帯_KURO-OBI>,<http://mpii.de/yago/resource/Black_Belt_%28film%29>,<http://pt.dbpedia.org/resource/Kuro-obi>,<http://rdf.freebase.com/ns/m.05v29xp>,"<http://uk.dbpedia.org/resource/Чорний_пояс_(фільм,_2007)>",<http://wikidata.dbpedia.org/resource/Q1619161>,<http://wikidata.org/entity/Q1619161>,<http://www.wikidata.org/entity/Q1619161>,<http://yago-knowledge.org/resource/Black_Belt_(film)>
<http://dbpedia.org/resource/Irenella_chrysotricha>,<http://es.dbpedia.org/resource/Irenella>,<http://mpii.de/yago/resource/Irenella_chrysotricha>,<http://rdf.freebase.com/ns/guid.9202a8c04000641f8000000005c4fe37>,<http://rdf.freebase.com/ns/m.02x9_kr>,<http://rdf.freebase.com/ns/m/02x9_kr>,<http://vi.dbpedia.org/resource/Irenella_chrysotricha>,<http://wikidata.dbpedia.org/resource/Q5472256>,<http://wikidata.org/entity/Q5472256>,<http://www.wikidata.org/entity/Q5472256>,<http://www4.wiwiss.fu-berlin.de/flickrwrappr/photos/Irenella_chrysotricha>,<http://yago-knowledge.org/resource/Irenella_chrysotricha>
<http://dbpedia.org/resource/Template:Footer_European_Champions_Hammer_Throw_Men>,<http://de.dbpedia.org/resource/Vorlage:Navigationsleiste_Europameister_im_Hammerwurf>,<http://fr.dbpedia.org/resource/Mod%C3%A8le:Palette_Champions_d'Europe_du_lancer_du_marteau>,<http://fr.dbpedia.org/resource/Modèle:Palette_Champions_d'Europe_du_lancer_du_marteau>,<http://it.dbpedia.org/resource/Template:Campioni_europei_del_lancio_del_martello>,"<http://no.dbpedia.org/resource/Mal:EM-vinnere_i_sleggekast,_herrer>",<http://pl.dbpedia.org/resource/Szablon:Mistrzowie_Europy_w_rzucie_m%C5%82otem>,<http://pl.dbpedia.org/resource/Szablon:Mistrzowie_Europy_w_rzucie_młotem>,<http://sl.dbpedia.org/resource/Predloga:Footer_European_Champions_Hammer_Throw_Men>,<http://tr.dbpedia.org/resource/Şablon:Erkekler_çekiç_atma_Avrupa_şampiyonları>,<http://wikidata.dbpedia.org/resource/Q13413000>,<http://wikidata.org/entity/Q13413000>,<http://www.wikidata.org/entity/Q13413000>
<http://dbpedia.org/resource/Camissonia_graciliflora>,<http://dbpedia.org/resource/Hill_suncup>,<http://dbpedia.org/resource/Tetrapteron_graciliflorum>,<http://rdf.freebase.com/ns/guid.9202a8c04000641f800000000aa135ab>,<http://rdf.freebase.com/ns/m.05b2ffc>,<http://rdf.freebase.com/ns/m/05b2ffc>,<http://sv.dbpedia.org/resource/Tetrapteron_graciliflorum>,<http://vi.dbpedia.org/resource/Tetrapteron_graciliflorum>,<http://wikidata.dbpedia.org/resource/Q7706685>,<http://wikidata.org/entity/Q7706685>,<http://www.wikidata.org/entity/Q7706685>,<http://www4.wiwiss.fu-berlin.de/flickrwrappr/photos/Camissonia_graciliflora>
<http://dbpedia.org/resource/Gyang_Dalyop_Datong>,<http://mpii.de/yago/resource/Gyang_Dalyop_Datong>,<http://rdf.freebase.com/ns/guid.9202a8c04000641f800000001005162b>,<http://rdf.freebase.com/ns/m.080b5kc>,<http://rdf.freebase.com/ns/m/080b5kc>,<http://wikidata.dbpedia.org/resource/Q5623995>,<http://wikidata.org/entity/Q5623995>,<http://www.wikidata.org/entity/Q5623995>,<http://www4.wiwiss.fu-berlin.de/flickrwrappr/photos/Gyang_Dalyop_Datong>,<http://yago-knowledge.org/resource/Gyang_Dalyop_Datong>,<http://yo.dbpedia.org/resource/Gyang_Dalyop_Datong>
<http://ar.dbpedia.org/resource/رياضة_في_إسبانيا>,<http://dbpedia.org/resource/Sport_in_Spain>,<http://es.dbpedia.org/resource/Deporte_en_Espa%C3%B1a>,<http://es.dbpedia.org/resource/Deporte_en_España>,<http://fr.dbpedia.org/resource/Sport_en_Espagne>,<http://ja.dbpedia.org/resource/%E3%82%B9%E3%83%9A%E3%82%A4%E3%83%B3%E3%81%AE%E3%82%B9%E3%83%9D%E3%83%BC%E3%83%84>,<http://ja.dbpedia.org/resource/スペインのスポーツ>,<http://lv.dbpedia.org/resource/Sports_Sp%C4%81nij%C4%81>,<http://lv.dbpedia.org/resource/Sports_Spānijā>,<http://pt.dbpedia.org/resource/Esporte_na_Espanha>,<http://wikidata.dbpedia.org/resource/Q3181499>,<http://wikidata.org/entity/Q3181499>,<http://www.wikidata.org/entity/Q3181499>
<http://dbpedia.org/resource/Soco_River>,<http://mpii.de/yago/resource/Soco_River>,<http://rdf.freebase.com/ns/guid.9202a8c04000641f800000000db43d45>,<http://rdf.freebase.com/ns/m.06w8hb5>,<http://rdf.freebase.com/ns/m/06w8hb5>,<http://wikidata.dbpedia.org/resource/Q7553040>,<http://wikidata.org/entity/Q7553040>,<http://www.wikidata.org/entity/Q7553040>,<http://www4.wiwiss.fu-berlin.de/flickrwrappr/photos/Soco_River>,<http://yago-knowledge.org/resource/Soco_River>
<http://dbpedia.org/resource/J._F._Kimball_High_School>,<http://dbpedia.org/resource/Justin_F._Kimball_High_School>,<http://dbpedia.org/resource/Kimball_High_School_%28Texas%29>,<http://mpii.de/yago/resource/Justin_F._Kimball_High_School>,<http://rdf.freebase.com/ns/guid.9202a8c04000641f80000000057691af>,<http://rdf.freebase.com/ns/m.02rf4fh>,<http://rdf.freebase.com/ns/m/02rf4fh>,<http://umbel.org/umbel/ne/wikipedia/Justin_F._Kimball_High_School>,<http://wikidata.dbpedia.org/resource/Q6317580>,<http://wikidata.org/entity/Q6317580>,<http://www.wikidata.org/entity/Q6317580>,<http://www4.wiwiss.fu-berlin.de/flickrwrappr/photos/Justin_F._Kimball_High_School>,<http://yago-knowledge.org/resource/Justin_F._Kimball_High_School>
<http://dbpedia.org/resource/Jason_Grabowski>,<http://ja.dbpedia.org/resource/%E3%82%B8%E3%82%A7%E3%82%A4%E3%82%BD%E3%83%B3%E3%83%BB%E3%82%B0%E3%83%A9%E3%83%9C%E3%83%BC%E3%82%B9%E3%82%AD%E3%83%BC>,<http://ja.dbpedia.org/resource/ジェイソン・グラボースキー>,<http://mpii.de/yago/resource/Jason_Grabowski>,<http://rdf.freebase.com/ns/guid.9202a8c04000641f80000000007993ef>,<http://rdf.freebase.com/ns/m.07m4_h>,<http://rdf.freebase.com/ns/m/07m4_h>,<http://wikidata.dbpedia.org/resource/Q6162597>,<http://wikidata.org/entity/Q6162597>,<http://www.wikidata.org/entity/Q6162597>,<http://www4.wiwiss.fu-berlin.de/flickrwrappr/photos/Jason_Grabowski>,<http://yago-knowledge.org/resource/Jason_Grabowski>
<http://dbpedia.org/resource/Gustavo_Envela-Makongo%2C_Sr.>,"<http://dbpedia.org/resource/Gustavo_Envela-Makongo,_Sr.>",<http://es.dbpedia.org/resource/Gustavo_Envela-Makongo>,"<http://mpii.de/yago/resource/Gustavo_Envela-Makongo,_Sr.>",<http://rdf.freebase.com/ns/guid.9202a8c04000641f8000000005765a64>,<http://rdf.freebase.com/ns/m.02rdqm4>,<http://rdf.freebase.com/ns/m/02rdqm4>,"<http://umbel.org/umbel/ne/wikipedia/Gustavo_Envela-Makongo,_Sr.>",<http://wikidata.dbpedia.org/resource/Q5411437>,<http://wikidata.org/entity/Q5411437>,<http://www.wikidata.org/entity/Q5411437>,"<http://www4.wiwiss.fu-berlin.de/flickrwrappr/photos/Gustavo_Envela-Makongo,_Sr.>","<http://yago-knowledge.org/resource/Gustavo_Envela-Makongo,_Sr.>"
<http://dbpedia.org/resource/Art_Doering>,<http://mpii.de/yago/resource/Art_Doering>,<http://rdf.freebase.com/ns/guid.9202a8c04000641f800000000465d35d>,<http://rdf.freebase.com/ns/m.026cnvy>,<http://rdf.freebase.com/ns/m/026cnvy>,<http://wikidata.dbpedia.org/resource/Q4796797>,<http://wikidata.org/entity/Q4796797>,<http://www.wikidata.org/entity/Q4796797>,<http://www4.wiwiss.fu-berlin.de/flickrwrappr/photos/Art_Doering>,<http://yago-knowledge.org/resource/Art_Doering>
<http://dbpedia.org/resource/Eric_Gates>,<http://fa.dbpedia.org/resource/%D8%A7%D8%B1%DB%8C%DA%A9_%DA%AF%DB%8C%D8%AA%D8%B3>,<http://fa.dbpedia.org/resource/اریک_گیتس>,<http://fr.dbpedia.org/resource/Eric_Gates>,<http://it.dbpedia.org/resource/Eric_Gates>,<http://mpii.de/yago/resource/Eric_Gates>,<http://rdf.freebase.com/ns/guid.9202a8c04000641f8000000000773935>,<http://rdf.freebase.com/ns/m.07gg9p>,<http://rdf.freebase.com/ns/m/07gg9p>,<http://wikidata.dbpedia.org/resource/Q608040>,<http://wikidata.org/entity/Q608040>,<http://www.wikidata.org/entity/Q608040>,<http://www4.wiwiss.fu-berlin.de/flickrwrappr/photos/Eric_Gates>,<http://yago-knowledge.org/resource/Eric_Gates>
<http://dbpedia.org/resource/Willis_Ritter>,<http://dbpedia.org/resource/Willis_W._Ritter>,<http://dbpedia.org/resource/Willis_William_Ritter>,<http://mpii.de/yago/resource/Willis_William_Ritter>,<http://rdf.freebase.com/ns/guid.9202a8c04000641f800000000b55257e>,<http://rdf.freebase.com/ns/m.05pb9cz>,<http://rdf.freebase.com/ns/m/05pb9cz>,<http://wikidata.dbpedia.org/resource/Q8022127>,<http://wikidata.org/entity/Q8022127>,<http://www.wikidata.org/entity/Q8022127>,<http://www4.wiwiss.fu-berlin.de/flickrwrappr/photos/Willis_William_Ritter>,<http://yago-knowledge.org/resource/Willis_William_Ritter>
<http://dbpedia.org/resource/Galaxy21>,<http://dbpedia.org/resource/Galaxy21_Music>,<http://dbpedia.org/resource/Galaxy21_Records>,<http://dbpedia.org/resource/Galaxy_21>,<http://dbpedia.org/resource/Galaxy_21_Music>,<http://mpii.de/yago/resource/Galaxy21_Music>,<http://rdf.freebase.com/ns/guid.9202a8c04000641f8000000000b0fdfc>,<http://rdf.freebase.com/ns/m.0c1_hx>,<http://wikidata.dbpedia.org/resource/Q5518087>,<http://wikidata.org/entity/Q5518087>,<http://www.wikidata.org/entity/Q5518087>
<http://ar.dbpedia.org/resource/%D8%AA%D8%B5%D9%81%D9%8A%D8%A7%D8%AA_%D9%83%D8%A3%D8%B3_%D8%A2%D8%B3%D9%8A%D8%A7%D9%86_%D9%84%D9%83%D8%B1%D8%A9_%D8%A7%D9%84%D9%82%D8%AF%D9%85_2012>,<http://ar.dbpedia.org/resource/تصفيات_كأس_آسيان_لكرة_القدم_2012>,<http://dbpedia.org/resource/2012_AFF_Championship_qualification>,<http://dbpedia.org/resource/2012_AFF_Suzuki_Cup_qualification>,<http://it.dbpedia.org/resource/Qualificazioni_all'AFF_Suzuki_Cup_2012>,<http://ja.dbpedia.org/resource/2012_AFF%E3%82%B9%E3%82%BA%E3%82%AD%E3%82%AB%E3%83%83%E3%83%97_(%E4%BA%88%E9%81%B8)>,<http://ja.dbpedia.org/resource/2012_AFFスズキカップ_(予選)>,<http://pl.dbpedia.org/resource/AFF_Suzuki_Cup_2012_(eliminacje)>,<http://rdf.freebase.com/ns/m.0h3nt8t>,<http://vi.dbpedia.org/resource/V%C3%B2ng_lo%E1%BA%A1i_gi%E1%BA%A3i_v%C3%B4_%C4%91%E1%BB%8Bch_b%C3%B3ng_%C4%91%C3%A1_%C4%90%C3%B4ng_Nam_%C3%81_2012>,<http://vi.dbpedia.org/resource/Vòng_loại_giải_vô_địch_bóng_đá_Đông_Nam_Á_2012>,<http://wikidata.dbpedia.org/resource/Q2943428>,<http://wikidata.org/entity/Q2943428>,<http://www.wikidata.org/entity/Q2943428>
<http://dbpedia.org/resource/Category:Belgian_parliaments>,<http://fr.dbpedia.org/resource/Cat%C3%A9gorie:Organe_l%C3%A9gislatif_belge>,<http://fr.dbpedia.org/resource/Catégorie:Organe_législatif_belge>,<http://ja.dbpedia.org/resource/Category:%E3%83%99%E3%83%AB%E3%82%AE%E3%83%BC%E3%81%AE%E8%AD%B0%E4%BC%9A>,<http://ja.dbpedia.org/resource/Category:ベルギーの議会>,<http://nl.dbpedia.org/resource/Categorie:Wetgevende_macht_in_Belgi%C3%AB>,<http://nl.dbpedia.org/resource/Categorie:Wetgevende_macht_in_België>,<http://oc.dbpedia.org/resource/Categoria:Organ_legislatiu_b%C3%A8lga>,<http://oc.dbpedia.org/resource/Categoria:Organ_legislatiu_bèlga>,<http://uk.dbpedia.org/resource/%D0%9A%D0%B0%D1%82%D0%B5%D0%B3%D0%BE%D1%80%D1%96%D1%8F:%D0%9F%D0%B0%D1%80%D0%BB%D0%B0%D0%BC%D0%B5%D0%BD%D1%82_%D0%91%D0%B5%D0%BB%D1%8C%D0%B3%D1%96%D1%97>,<http://uk.dbpedia.org/resource/Категорія:Парламент_Бельгії>,<http://wikidata.dbpedia.org/resource/Q8296364>,<http://wikidata.org/entity/Q8296364>,<http://www.wikidata.org/entity/Q8296364>
<http://az.dbpedia.org/resource/NGC_3249>,<http://eo.dbpedia.org/resource/NGC_3249>,<http://kk.dbpedia.org/resource/NGC_3249>,<http://mk.dbpedia.org/resource/NGC_3249>,<http://nl.dbpedia.org/resource/NGC_3249>,<http://pl.dbpedia.org/resource/NGC_3249>,<http://pt.dbpedia.org/resource/NGC_3249>,<http://ru.dbpedia.org/resource/NGC_3249>,<http://sk.dbpedia.org/resource/NGC_3249>,<http://sr.dbpedia.org/resource/NGC_3249>,<http://tr.dbpedia.org/resource/NGC_3249>,<http://uk.dbpedia.org/resource/NGC_3249>,<http://uz.dbpedia.org/resource/NGC_3249>,<http://www.wikidata.org/entity/Q1103791>
<http://da.dbpedia.org/resource/Kategori:OL_efter_land_infoboks_skabeloner_paralympiske_lege>,<http://dbpedia.org/resource/Category:Paralympics_infobox_templates_by_country>,<http://ko.dbpedia.org/resource/%EB%B6%84%EB%A5%98:%EB%82%98%EB%9D%BC%EB%B3%84_%ED%8C%A8%EB%9F%B4%EB%A6%BC%ED%94%BD_%EC%A0%95%EB%B3%B4_%ED%8B%80>,<http://ko.dbpedia.org/resource/분류:나라별_패럴림픽_정보_틀>,<http://nl.dbpedia.org/resource/Categorie:Wikipedia:Sjablonen_infobox_Paralympische_Spelen_per_land>,<http://pt.dbpedia.org/resource/Categoria:!Predefini%C3%A7%C3%B5es_sobre_pa%C3%ADses_das_am%C3%A9ricas_nos_jogos_paraol%C3%ADmpicos>,<http://pt.dbpedia.org/resource/Categoria:!Predefinições_sobre_países_das_américas_nos_jogos_paraolímpicos>,<http://sv.dbpedia.org/resource/Kategori:Fakta_l%C3%A4nder_i_paralympiska_spelen>,<http://sv.dbpedia.org/resource/Kategori:Fakta_länder_i_paralympiska_spelen>,<http://wikidata.dbpedia.org/resource/Q8714713>,<http://wikidata.org/entity/Q8714713>,<http://www.wikidata.org/entity/Q8714713>,<http://www.wikidata.org/entity/Q9480845>
<http://cs.dbpedia.org/resource/%C5%A0ablona:%C5%98editel%C3%A9_Mosadu>,<http://cs.dbpedia.org/resource/Šablona:Ředitelé_Mosadu>,<http://dbpedia.org/resource/Template:Mossad_Directors>,<http://fr.dbpedia.org/resource/Mod%C3%A8le:Palette_Directeurs_du_Mossad>,<http://fr.dbpedia.org/resource/Modèle:Palette_Directeurs_du_Mossad>,<http://he.dbpedia.org/resource/%D7%AA%D7%91%D7%A0%D7%99%D7%AA:%D7%A8%D7%90%D7%A9%D7%99_%D7%94%D7%9E%D7%95%D7%A1%D7%93>,<http://he.dbpedia.org/resource/תבנית:ראשי_המוסד>,<http://it.dbpedia.org/resource/Template:Direttori_del_Mossad>,<http://wikidata.dbpedia.org/resource/Q10801319>,<http://wikidata.org/entity/Q10801319>,<http://www.wikidata.org/entity/Q10801319>
<http://dbpedia.org/resource/Jackie_Sardou>,<http://fr.dbpedia.org/resource/Jackie_Sardou>,<http://mpii.de/yago/resource/Jackie_Sardou>,<http://musicbrainz.org/artist/16093cc3-22c3-4031-9191-354f11497938#_>,<http://pt.dbpedia.org/resource/Jackie_Sardou>,<http://rdf.freebase.com/ns/guid.9202a8c04000641f8000000000c97557>,<http://rdf.freebase.com/ns/m.0dlybr>,<http://rdf.freebase.com/ns/m/0dlybr>,<http://wikidata.dbpedia.org/resource/Q3157406>,<http://wikidata.org/entity/Q3157406>,<http://www.wikidata.org/entity/Q3157406>,<http://www4.wiwiss.fu-berlin.de/flickrwrappr/photos/Jackie_Sardou>,<http://yago-knowledge.org/resource/Jackie_Sardou>
